[
  {
    "pk": 1,
    "model": "asesorias.centro",
    "fields": {
      "nombre_centro": "uco"
    }
  },
  {
    "pk": 2,
    "model": "asesorias.centro",
    "fields": {
      "nombre_centro": "eps"
    }
  },
  {
    "pk": 1,
    "model": "asesorias.titulacion",
    "fields": {
      "nombre_titulacion": "gestion",
      "id_centro": 2,
      "id_titulacion": 1,
      "plan_estudios": 2010
    }
  },
  {
    "pk": 2,
    "model": "asesorias.titulacion",
    "fields": {
      "nombre_titulacion": "sistemas",
      "id_centro": 2,
      "id_titulacion": 2,
      "plan_estudios": 2008
    }
  },
  {
    "pk": 3,
    "model": "asesorias.titulacion",
    "fields": {
      "nombre_titulacion": "biologia",
      "id_centro": 1,
      "id_titulacion": 1,
      "plan_estudios": 2000
    }
  },
  {
    "pk": 1,
    "model": "asesorias.asignatura",
    "fields": {
      "tipo": "TRO",
      "curso": 1,
      "nombre_asignatura": "mtp",
      "nCreditosPracticos": 7.0,
      "id_titulacion": 1,
      "id_asignatura": 1,
      "nCreditosTeoricos": 7.0,
      "id_centro": 2
    }
  },
  {
    "pk": 2,
    "model": "asesorias.asignatura",
    "fields": {
      "tipo": "TRO",
      "curso": 3,
      "nombre_asignatura": "redes",
      "nCreditosPracticos": 3.0,
      "id_titulacion": 2,
      "id_asignatura": 1,
      "nCreditosTeoricos": 3.0,
      "id_centro": 2
    }
  },
  {
    "pk": 3,
    "model": "asesorias.asignatura",
    "fields": {
      "tipo": "TRO",
      "curso": 2,
      "nombre_asignatura": "batracios",
      "nCreditosPracticos": 5.0,
      "id_titulacion": 1,
      "id_asignatura": 2,
      "nCreditosTeoricos": 5.0,
      "id_centro": 1
    }
  },
  {
    "pk": 1,
    "model": "asesorias.asignaturacursoacademico",
    "fields": {
      "id_centro": 2,
      "id_titulacion": 1,
      "id_asignatura": 1,
      "curso_academico": 2010
    }
  },
  {
    "pk": 2,
    "model": "asesorias.asignaturacursoacademico",
    "fields": {
      "id_centro": 2,
      "id_titulacion": 1,
      "id_asignatura": 1,
      "curso_academico": 2011
    }
  },
  {
    "pk": 3,
    "model": "asesorias.asignaturacursoacademico",
    "fields": {
      "id_centro": 2,
      "id_titulacion": 2,
      "id_asignatura": 1,
      "curso_academico": 2009
    }
  },
  {
    "pk": 4,
    "model": "asesorias.asignaturacursoacademico",
    "fields": {
      "id_centro": 1,
      "id_titulacion": 1,
      "id_asignatura": 2,
      "curso_academico": 2004
    }
  },
  {
    "pk": 5,
    "model": "asesorias.asignaturacursoacademico",
    "fields": {
      "id_centro": 2,
      "id_titulacion": 2,
      "id_asignatura": 1,
      "curso_academico": 2010
    }
  },
  {
    "pk": 1,
    "model": "asesorias.departamento",
    "fields": {
      "nombre_departamento": "analisis numerico",
      "telefono": 957000000
    }
  },
  {
    "pk": 2,
    "model": "asesorias.departamento",
    "fields": {
      "nombre_departamento": "biologia molecular",
      "telefono": 957999999
    }
  },
  {
    "pk": "30303030L",
    "model": "asesorias.asesor",
    "fields": {
      "correo_electronico": "asesor@soy.com",
      "nombre": "edsger",
      "telefono": 999000111,
      "apellidos": "dijkstra"
    }
  },
  {
    "pk": "12345678T",
    "model": "asesorias.asesor",
    "fields": {
      "correo_electronico": "otro@asesor.com",
      "nombre": "andrew s.",
      "telefono": 123123123,
      "apellidos": "tanenbaum"
    }
  },
  {
    "pk": "11111111A",
    "model": "asesorias.asesor",
    "fields": {
      "correo_electronico": "pues@asesor.soy",
      "nombre": "ramon",
      "telefono": 10101010,
      "apellidos": "y cajal"
    }
  },
  {
    "pk": 1,
    "model": "asesorias.asesorcursoacademico",
    "fields": {
      "observaciones": "hola",
      "curso_academico": 2010,
      "dni_pasaporte": "30303030L",
      "id_departamento": 1
    }
  },
  {
    "pk": 2,
    "model": "asesorias.asesorcursoacademico",
    "fields": {
      "observaciones": "Si",
      "curso_academico": 2008,
      "dni_pasaporte": "12345678T",
      "id_departamento": 1
    }
  },
  {
    "pk": 3,
    "model": "asesorias.asesorcursoacademico",
    "fields": {
      "observaciones": "vale",
      "curso_academico": 2004,
      "dni_pasaporte": "11111111A",
      "id_departamento": 2
    }
  },
  {
    "pk": "88888888Z",
    "model": "asesorias.alumno",
    "fields": {
      "fecha_nacimiento": "2010-10-02",
      "modalidad_acceso_universidad": "directo",
      "direccion_cordoba": "calle mi casa",
      "localidad_familiar": "cordoba",
      "codigo_postal": "14000",
      "calificacion_acceso": 8.0,
      "provincia_familiar": "cordoba",
      "apellidos": "perez",
      "otros_estudios_universitarios": "no",
      "correo_electronico": "alumno@alumno.com",
      "nombre": "juan",
      "ingreso": 2000,
      "telefono_familiar": 957100101
    }
  },
  {
    "pk": "12312312O",
    "model": "asesorias.alumno",
    "fields": {
      "fecha_nacimiento": "1980-01-03",
      "modalidad_acceso_universidad": "otro",
      "direccion_cordoba": "el arcangel",
      "localidad_familiar": "fuentealbilla",
      "codigo_postal": "10000",
      "calificacion_acceso": 10.0,
      "provincia_familiar": "albacete",
      "apellidos": "iniesta",
      "otros_estudios_universitarios": "no tiene",
      "correo_electronico": "correo@electroni.co",
      "nombre": "andres",
      "ingreso": 20010,
      "telefono_familiar": 900101010
    }
  },
  {
    "pk": 1,
    "model": "asesorias.alumnocursoacademico",
    "fields": {
      "observaciones": "uno",
      "dni_pasaporte_asesor": "11111111A",
      "curso_academico": 2004,
      "dni_pasaporte_alumno": "12312312O"
    }
  },
  {
    "pk": 2,
    "model": "asesorias.alumnocursoacademico",
    "fields": {
      "observaciones": "dos",
      "dni_pasaporte_asesor": "11111111A",
      "curso_academico": 2004,
      "dni_pasaporte_alumno": "88888888Z"
    }
  },
  {
    "pk": 3,
    "model": "asesorias.alumnocursoacademico",
    "fields": {
      "observaciones": "uno",
      "dni_pasaporte_asesor": "12345678T",
      "curso_academico": 2008,
      "dni_pasaporte_alumno": "12312312O"
    }
  },
  {
    "pk": 4,
    "model": "asesorias.alumnocursoacademico",
    "fields": {
      "observaciones": "dos",
      "dni_pasaporte_asesor": "12345678T",
      "curso_academico": 2008,
      "dni_pasaporte_alumno": "88888888Z"
    }
  },
  {
    "pk": 5,
    "model": "asesorias.alumnocursoacademico",
    "fields": {
      "observaciones": "uno",
      "dni_pasaporte_asesor": "30303030L",
      "curso_academico": 2010,
      "dni_pasaporte_alumno": "12312312O"
    }
  },
  {
    "pk": 6,
    "model": "asesorias.alumnocursoacademico",
    "fields": {
      "observaciones": "dos",
      "dni_pasaporte_asesor": "30303030L",
      "curso_academico": 2010,
      "dni_pasaporte_alumno": "88888888Z"
    }
  },
  {
    "pk": 1,
    "model": "asesorias.matricula",
    "fields": {
      "id_asignatura": 1,
      "id_titulacion": 2,
      "dni_pasaporte": "88888888Z",
      "id_centro": 2,
      "comentario": "hola",
      "curso_academico": 2010
    }
  },
  {
    "pk": 2,
    "model": "asesorias.matricula",
    "fields": {
      "id_asignatura": 1,
      "id_titulacion": 1,
      "dni_pasaporte": "88888888Z",
      "id_centro": 2,
      "comentario": "buenas",
      "curso_academico": 2010
    }
  },
  {
    "pk": 1,
    "model": "asesorias.calificacionconvocatoria",
    "fields": {
      "id_asignatura": 1,
      "id_titulacion": 1,
      "convocatoria": "febrero",
      "nota": 4.0,
      "dni_pasaporte": "88888888Z",
      "id_centro": 2,
      "comentario": "suspenso",
      "curso_academico": 2010
    }
  },
  {
    "pk": 2,
    "model": "asesorias.calificacionconvocatoria",
    "fields": {
      "id_asignatura": 1,
      "id_titulacion": 1,
      "convocatoria": "junio",
      "nota": 6.0,
      "dni_pasaporte": "88888888Z",
      "id_centro": 2,
      "comentario": "bien",
      "curso_academico": 2010
    }
  },
  {
    "pk": 3,
    "model": "asesorias.calificacionconvocatoria",
    "fields": {
      "id_asignatura": 1,
      "id_titulacion": 1,
      "convocatoria": "septiembre",
      "nota": 9.0,
      "dni_pasaporte": "88888888Z",
      "id_centro": 2,
      "comentario": "sobresaliente",
      "curso_academico": 2010
    }
  },
  {
    "pk": 1,
    "model": "asesorias.plantillaentrevistaoficial",
    "fields": {
      "descripcion": "Ficha personal",
      "ultima_modificacion": "2010-11-17"
    }
  },
  {
    "pk": 1,
    "model": "asesorias.preguntaoficial",
    "fields": {
      "ultima_modificacion": "2010-11-17",
      "id_pregunta_oficial": 1,
      "id_entrevista_oficial": 1,
      "enunciado": "\u00bfQui\u00e9n le ha informado de esta carrera?"
    }
  },
  {
    "pk": 2,
    "model": "asesorias.preguntaoficial",
    "fields": {
      "ultima_modificacion": "2010-11-17",
      "id_pregunta_oficial": 2,
      "id_entrevista_oficial": 1,
      "enunciado": "\u00bfQu\u00e9 sabe de ella?"
    }
  },
  {
    "pk": 3,
    "model": "asesorias.preguntaoficial",
    "fields": {
      "ultima_modificacion": "2010-11-17",
      "id_pregunta_oficial": 3,
      "id_entrevista_oficial": 1,
      "enunciado": "\u00bfPor qu\u00e9 se ha planteado hacerla?"
    }
  },
  {
    "pk": 4,
    "model": "asesorias.preguntaoficial",
    "fields": {
      "ultima_modificacion": "2010-11-17",
      "id_pregunta_oficial": 4,
      "id_entrevista_oficial": 1,
      "enunciado": "\u00bfQu\u00e9 pretende conseguir, cu\u00e1les son sus aspiraciones?"
    }
  },
  {
    "pk": 5,
    "model": "asesorias.preguntaoficial",
    "fields": {
      "ultima_modificacion": "2010-11-17",
      "id_pregunta_oficial": 5,
      "id_entrevista_oficial": 1,
      "enunciado": "\u00bfDe qu\u00e9 cree que depende, preferentemente, la consecuci\u00f3n de sus aspiraciones? (Se\u00f1ale la que le parezca m\u00e1s importante)"
    }
  },
  {
    "pk": 6,
    "model": "asesorias.preguntaoficial",
    "fields": {
      "ultima_modificacion": "2010-11-17",
      "id_pregunta_oficial": 6,
      "id_entrevista_oficial": 1,
      "enunciado": "\u00bfCu\u00e1ntos a\u00f1os cree que son necesarios en la mayor\u00eda de los casos para realizar la carrera que est\u00e1 estudiando?"
    }
  },
  {
    "pk": 7,
    "model": "asesorias.preguntaoficial",
    "fields": {
      "ultima_modificacion": "2010-11-17",
      "id_pregunta_oficial": 7,
      "id_entrevista_oficial": 1,
      "enunciado": "\u00bfQu\u00e9 carrera le hubiese gustado realizar?"
    }
  },
  {
    "pk": 8,
    "model": "asesorias.preguntaoficial",
    "fields": {
      "ultima_modificacion": "2010-11-17",
      "id_pregunta_oficial": 8,
      "id_entrevista_oficial": 1,
      "enunciado": "\u00bfQu\u00e9 carrera solicit\u00f3 en la preinscripci\u00f3n en primer lugar?"
    }
  },
  {
    "pk": 9,
    "model": "asesorias.preguntaoficial",
    "fields": {
      "ultima_modificacion": "2010-11-17",
      "id_pregunta_oficial": 9,
      "id_entrevista_oficial": 1,
      "enunciado": "\u00bfQu\u00e9 lugar ocupa la carrera que est\u00e1 haciendo en su preinscripci\u00f3n?"
    }
  },
  {
    "pk": 10,
    "model": "asesorias.preguntaoficial",
    "fields": {
      "ultima_modificacion": "2010-11-17",
      "id_pregunta_oficial": 10,
      "id_entrevista_oficial": 1,
      "enunciado": "\u00bfQu\u00e9 dificultades cree que va a encontrar?"
    }
  },
  {
    "pk": 11,
    "model": "asesorias.preguntaoficial",
    "fields": {
      "ultima_modificacion": "2010-11-17",
      "id_pregunta_oficial": 11,
      "id_entrevista_oficial": 1,
      "enunciado": "Adem\u00e1s de los estudios universitarios, \u00bfrealiza otras actividades laborales, culturales, deportivas, etc., de forma habitual?"
    }
  },
  {
    "pk": 12,
    "model": "asesorias.preguntaoficial",
    "fields": {
      "ultima_modificacion": "2010-11-17",
      "id_pregunta_oficial": 12,
      "id_entrevista_oficial": 1,
      "enunciado": "\u00bfCu\u00e1les?"
    }
  },
  {
    "pk": 13,
    "model": "asesorias.preguntaoficial",
    "fields": {
      "ultima_modificacion": "2010-11-17",
      "id_pregunta_oficial": 13,
      "id_entrevista_oficial": 1,
      "enunciado": "Aproximadamente, \u00bfcu\u00e1ntos alumnos van a las clases te\u00f3ricas?"
    }
  },
  {
    "pk": 14,
    "model": "asesorias.preguntaoficial",
    "fields": {
      "ultima_modificacion": "2010-11-17",
      "id_pregunta_oficial": 14,
      "id_entrevista_oficial": 1,
      "enunciado": "Aproximadamente, \u00bfcu\u00e1ntos alumnos van a las clases pr\u00e1cticas?"
    }
  },
  {
    "pk": 15,
    "model": "asesorias.preguntaoficial",
    "fields": {
      "ultima_modificacion": "2010-11-17",
      "id_pregunta_oficial": 15,
      "id_entrevista_oficial": 1,
      "enunciado": "El ambiente entre compa\u00f1eros de clase lo considera:"
    }
  },
  {
    "pk": 16,
    "model": "asesorias.preguntaoficial",
    "fields": {
      "ultima_modificacion": "2010-11-17",
      "id_pregunta_oficial": 16,
      "id_entrevista_oficial": 1,
      "enunciado": "La colaboraci\u00f3n entre los compa\u00f1eros del curso es:"
    }
  },
  {
    "pk": 17,
    "model": "asesorias.preguntaoficial",
    "fields": {
      "ultima_modificacion": "2010-11-17",
      "id_pregunta_oficial": 17,
      "id_entrevista_oficial": 1,
      "enunciado": "Considera que la comunicaci\u00f3n con los compa\u00f1eros del curso es:"
    }
  },
  {
    "pk": 18,
    "model": "asesorias.preguntaoficial",
    "fields": {
      "ultima_modificacion": "2010-11-17",
      "id_pregunta_oficial": 18,
      "id_entrevista_oficial": 1,
      "enunciado": "\u00bfC\u00f3mo cree que es, en general, la relaci\u00f3n de los profesores con los alumnos?"
    }
  },
  {
    "pk": 19,
    "model": "asesorias.preguntaoficial",
    "fields": {
      "ultima_modificacion": "2010-11-17",
      "id_pregunta_oficial": 19,
      "id_entrevista_oficial": 1,
      "enunciado": "Cree que el profesor en clase:"
    }
  },
  {
    "pk": 20,
    "model": "asesorias.preguntaoficial",
    "fields": {
      "ultima_modificacion": "2010-11-17",
      "id_pregunta_oficial": 20,
      "id_entrevista_oficial": 1,
      "enunciado": "\u00bfA qu\u00e9 le gustar\u00eda dedicarse al acabar la carrera?"
    }
  },
  {
    "pk": 21,
    "model": "asesorias.preguntaoficial",
    "fields": {
      "ultima_modificacion": "2010-11-17",
      "id_pregunta_oficial": 21,
      "id_entrevista_oficial": 1,
      "enunciado": "Observaciones"
    }
  },
  {
    "pk": 1,
    "model": "asesorias.plantillaentrevistaasesor",
    "fields": {
      "descripcion": "entrevista asesor 1",
      "id_entrevista_asesor": 1,
      "curso_academico": 2010,
      "dni_pasaporte": "30303030L",
      "ultima_modificacion": "2010-09-01"
    }
  },
  {
    "pk": 2,
    "model": "asesorias.plantillaentrevistaasesor",
    "fields": {
      "descripcion": "entrevista asesor 2",
      "id_entrevista_asesor": 2,
      "curso_academico": 2010,
      "dni_pasaporte": "30303030L",
      "ultima_modificacion": "2010-09-01"
    }
  },
  {
    "pk": 3,
    "model": "asesorias.plantillaentrevistaasesor",
    "fields": {
      "descripcion": "otra entrevista asesor 1",
      "id_entrevista_asesor": 1,
      "curso_academico": 2008,
      "dni_pasaporte": "12345678T",
      "ultima_modificacion": "2010-09-01"
    }
  },
  {
    "pk": 4,
    "model": "asesorias.plantillaentrevistaasesor",
    "fields": {
      "descripcion": "otra entrevista asesor 2",
      "id_entrevista_asesor": 2,
      "curso_academico": 2008,
      "dni_pasaporte": "12345678T",
      "ultima_modificacion": "2010-09-01"
    }
  },
  {
    "pk": 5,
    "model": "asesorias.plantillaentrevistaasesor",
    "fields": {
      "descripcion": "una entrevista de asesor mas 1",
      "id_entrevista_asesor": 1,
      "curso_academico": 2004,
      "dni_pasaporte": "11111111A",
      "ultima_modificacion": "2010-09-01"
    }
  },
  {
    "pk": 6,
    "model": "asesorias.plantillaentrevistaasesor",
    "fields": {
      "descripcion": "una entrevista de asesor mas 2",
      "id_entrevista_asesor": 2,
      "curso_academico": 2004,
      "dni_pasaporte": "11111111A",
      "ultima_modificacion": "2010-09-01"
    }
  },
  {
    "pk": 1,
    "model": "asesorias.preguntaasesor",
    "fields": {
      "id_entrevista_asesor": 1,
      "id_pregunta_asesor": 1,
      "dni_pasaporte": "30303030L",
      "enunciado": "pregunta 1",
      "ultima_modificacion": "2010-09-01",
      "curso_academico": 2010
    }
  },
  {
    "pk": 2,
    "model": "asesorias.preguntaasesor",
    "fields": {
      "id_entrevista_asesor": 1,
      "id_pregunta_asesor": 2,
      "dni_pasaporte": "30303030L",
      "enunciado": "pregunta 2",
      "ultima_modificacion": "2010-09-01",
      "curso_academico": 2010
    }
  },
  {
    "pk": 3,
    "model": "asesorias.preguntaasesor",
    "fields": {
      "id_entrevista_asesor": 1,
      "id_pregunta_asesor": 3,
      "dni_pasaporte": "30303030L",
      "enunciado": "pregunta 3",
      "ultima_modificacion": "2010-09-01",
      "curso_academico": 2010
    }
  },
  {
    "pk": 4,
    "model": "asesorias.preguntaasesor",
    "fields": {
      "id_entrevista_asesor": 2,
      "id_pregunta_asesor": 1,
      "dni_pasaporte": "30303030L",
      "enunciado": "otra pregunta 1",
      "ultima_modificacion": "2010-09-01",
       "curso_academico": 2010
    }
  },
  {
    "pk": 5,
    "model": "asesorias.preguntaasesor",
    "fields": {
      "id_entrevista_asesor": 2,
      "id_pregunta_asesor": 2,
      "dni_pasaporte": "30303030L",
      "enunciado": "otra pregunta 2",
      "ultima_modificacion": "2010-09-01",
      "curso_academico": 2010
    }
  },
  {
    "pk": 6,
    "model": "asesorias.preguntaasesor",
    "fields": {
      "id_entrevista_asesor": 2,
      "id_pregunta_asesor": 3,
      "dni_pasaporte": "30303030L",
      "enunciado": "otra pregunta 3",
      "ultima_modificacion": "2010-09-01",
      "curso_academico": 2010
    }
  },
  {
    "pk": 7,
    "model": "asesorias.preguntaasesor",
    "fields": {
      "id_entrevista_asesor": 1,
      "id_pregunta_asesor": 1,
      "dni_pasaporte": "12345678T",
      "enunciado": "esto es una pregunta",
      "ultima_modificacion": "2010-09-01",
      "curso_academico": 2008
    }
  },
  {
    "pk": 8,
    "model": "asesorias.preguntaasesor",
    "fields": {
      "id_entrevista_asesor": 1,
      "id_pregunta_asesor": 2,
      "dni_pasaporte": "12345678T",
      "enunciado": "esto es otra pregunta",
      "ultima_modificacion": "2010-09-01",
      "curso_academico": 2008
    }
  },
  {
    "pk": 9,
    "model": "asesorias.preguntaasesor",
    "fields": {
      "id_entrevista_asesor": 2,
      "id_pregunta_asesor": 1,
      "dni_pasaporte": "12345678T",
      "enunciado": "p1",
      "ultima_modificacion": "2010-09-01",
      "curso_academico": 2008
    }
  },
  {
    "pk": 10,
    "model": "asesorias.preguntaasesor",
    "fields": {
      "id_entrevista_asesor": 2,
      "id_pregunta_asesor": 2,
      "dni_pasaporte": "12345678T",
      "enunciado": "p2",
      "ultima_modificacion": "2010-09-01",
      "curso_academico": 2008
    }
  },
  {
    "pk": 11,
    "model": "asesorias.preguntaasesor",
    "fields": {
      "id_entrevista_asesor": 1,
      "id_pregunta_asesor": 1,
      "dni_pasaporte": "11111111A",
      "enunciado": "pre1",
      "ultima_modificacion": "2010-09-01",
      "curso_academico": 2004
    }
  },
  {
    "pk": 12,
    "model": "asesorias.preguntaasesor",
    "fields": {
      "id_entrevista_asesor": 1,
      "id_pregunta_asesor": 2,
      "dni_pasaporte": "11111111A",
      "enunciado": "pre2",
      "ultima_modificacion": "2010-09-01",
      "curso_academico": 2004
    }
  },
  {
    "pk": 13,
    "model": "asesorias.preguntaasesor",
    "fields": {
      "id_entrevista_asesor": 2,
      "id_pregunta_asesor": 1,
      "dni_pasaporte": "11111111A",
      "enunciado": "pregunta1",
      "ultima_modificacion": "2010-09-01",
      "curso_academico": 2004
    }
  },
  {
    "pk": 14,
    "model": "asesorias.preguntaasesor",
    "fields": {
      "id_entrevista_asesor": 2,
      "id_pregunta_asesor": 2,
      "dni_pasaporte": "11111111A",
      "enunciado": "pregunta2",
      "ultima_modificacion": "2010-09-01",
      "curso_academico": 2004
    }
  },
  {
    "pk": 1,
    "model": "asesorias.reunion",
    "fields": {
      "tipo": "IND",
      "fecha": "2008-01-01",
      "comentario_asesor": "hola",
      "id_reunion": 1,
      "dni_pasaporte": "12312312O",
      "comentario_alumno": "buenas",
      "curso_academico": 2008
    }
  },
  {
    "pk": 2,
    "model": "asesorias.reunion",
    "fields": {
      "tipo": "IND",
      "fecha": "2001-01-01",
      "comentario_asesor": "hola",
      "id_reunion": 1,
      "dni_pasaporte": "12312312O",
      "comentario_alumno": "buenas",
      "curso_academico": 2001
    }
  },
  {
    "pk": 3,
    "model": "asesorias.reunion",
    "fields": {
      "tipo": "IND",
      "fecha": "2000-01-01",
      "comentario_asesor": "hola",
      "id_reunion": 1,
      "dni_pasaporte": "88888888Z",
      "comentario_alumno": "buenas",
      "curso_academico": 2000
    }
  },
  {
    "pk": 4,
    "model": "asesorias.reunion",
    "fields": {
      "tipo": "IND",
      "fecha": "2000-12-12",
      "comentario_asesor": "hola",
      "id_reunion": 2,
      "dni_pasaporte": "88888888Z",
      "comentario_alumno": "hola",
      "curso_academico": 2000
    }
  },
  {
    "pk": 5,
    "model": "asesorias.reunion",
    "fields": {
      "tipo": "IND",
      "fecha": "2010-01-01",
      "comentario_asesor": "hola",
      "id_reunion": 1,
      "dni_pasaporte": "88888888Z",
      "comentario_alumno": "buenas",
      "curso_academico": 2010
    }
  },
  {
    "pk": 6,
    "model": "asesorias.reunion",
    "fields": {
      "tipo": "IND",
      "fecha": "2010-10-10",
      "comentario_asesor": "hola",
      "id_reunion": 2,
      "dni_pasaporte": "88888888Z",
      "comentario_alumno": "buenas",
      "curso_academico": 2010
    }
  },
  {
    "pk": 1,
    "model": "asesorias.reunionpreguntaasesor",
    "fields": {
      "dni_pasaporte_alumno": "88888888Z",
      "respuesta": "respuesta1",
      "id_entrevista_asesor": 1,
      "id_pregunta_asesor": 1,
      "id_reunion": 2,
      "dni_pasaporte_asesor": "30303030L",
      "curso_academico": 2010
    }
  },
  {
    "pk": 2,
    "model": "asesorias.reunionpreguntaasesor",
    "fields": {
      "dni_pasaporte_alumno": "88888888Z",
      "respuesta": "respuesta2",
      "id_entrevista_asesor": 1,
      "id_pregunta_asesor": 2,
      "id_reunion": 2,
      "dni_pasaporte_asesor": "30303030L",
      "curso_academico": 2010
    }
  },
  {
    "pk": 3,
    "model": "asesorias.reunionpreguntaasesor",
    "fields": {
      "dni_pasaporte_alumno": "88888888Z",
      "respuesta": "otra respuesta3",
      "id_entrevista_asesor": 2,
      "id_pregunta_asesor": 3,
      "id_reunion": 2,
      "dni_pasaporte_asesor": "30303030L",
      "curso_academico": 2010
    }
  },
  {
    "pk": 2,
    "model": "auth.user",
    "fields": {
      "username": "30303030L",
      "first_name": "",
      "last_name": "",
      "is_active": true,
      "is_superuser": false,
      "is_staff": false,
      "last_login": "2010-09-28 02:52:04",
      "groups": [],
      "user_permissions": [],
      "password": "sha1$1156f$649b2c2e9ef99f6ab7e62f6df5b970297737979a",
      "email": "hola@holahola.com",
      "date_joined": "2010-09-28 02:51:41"
    }
  },
  {
    "pk": 3,
    "model": "auth.user",
    "fields": {
      "username": "88888888Z",
      "first_name": "",
      "last_name": "",
      "is_active": true,
      "is_superuser": false,
      "is_staff": false,
      "last_login": "2010-10-05 12:33:29",
      "groups": [],
      "user_permissions": [],
      "password": "sha1$72a28$05e5d9318fda352f64533e5fc6803f8ac563ea99",
      "email": "alumno@alumno.com",
      "date_joined": "2010-10-05 12:33:29"
    }
  }
]
