[
  {
    "pk": 1,
    "model": "asesorias.centro",
    "fields": {
      "nombre_centro": "uco"
    }
  },
  {
    "pk": 2,
    "model": "asesorias.centro",
    "fields": {
      "nombre_centro": "eps"
    }
  },
  {
    "pk": 1,
    "model": "asesorias.administradorcentro",
    "fields": {
      "nombre_adm_centro": "luis"
    }
  },
  {
    "pk": 2,
    "model": "asesorias.administradorcentro",
    "fields": {
      "nombre_adm_centro": "nicolas"
    }
  },
  {
    "pk": 1,
    "model": "asesorias.titulacion",
    "fields": {
      "nombre_titulacion": "gestion",
      "id_centro": 2,
      "id_titulacion": 1,
      "plan_estudios": 2010
    }
  },
  {
    "pk": 2,
    "model": "asesorias.titulacion",
    "fields": {
      "nombre_titulacion": "sistemas",
      "id_centro": 2,
      "id_titulacion": 2,
      "plan_estudios": 2008
    }
  },
  {
    "pk": 3,
    "model": "asesorias.titulacion",
    "fields": {
      "nombre_titulacion": "biologia",
      "id_centro": 1,
      "id_titulacion": 1,
      "plan_estudios": 2000
    }
  },
  {
    "pk": 1,
    "model": "asesorias.asignatura",
    "fields": {
      "tipo": "TRO",
      "curso": 1,
      "nombre_asignatura": "mtp",
      "nCreditosPracticos": 7.0,
      "id_titulacion": 1,
      "id_asignatura": 1,
      "nCreditosTeoricos": 7.0,
      "id_centro": 2
    }
  },
  {
    "pk": 2,
    "model": "asesorias.asignatura",
    "fields": {
      "tipo": "TRO",
      "curso": 3,
      "nombre_asignatura": "redes",
      "nCreditosPracticos": 3.0,
      "id_titulacion": 2,
      "id_asignatura": 1,
      "nCreditosTeoricos": 3.0,
      "id_centro": 2
    }
  },
  {
    "pk": 3,
    "model": "asesorias.asignatura",
    "fields": {
      "tipo": "TRO",
      "curso": 2,
      "nombre_asignatura": "batracios",
      "nCreditosPracticos": 5.0,
      "id_titulacion": 1,
      "id_asignatura": 2,
      "nCreditosTeoricos": 5.0,
      "id_centro": 1
    }
  },
  {
    "pk": 1,
    "model": "asesorias.asignaturacursoacademico",
    "fields": {
      "id_centro": 2,
      "id_titulacion": 1,
      "id_asignatura": 1,
      "curso_academico": 2010
    }
  },
  {
    "pk": 2,
    "model": "asesorias.asignaturacursoacademico",
    "fields": {
      "id_centro": 2,
      "id_titulacion": 1,
      "id_asignatura": 1,
      "curso_academico": 2011
    }
  },
  {
    "pk": 3,
    "model": "asesorias.asignaturacursoacademico",
    "fields": {
      "id_centro": 2,
      "id_titulacion": 2,
      "id_asignatura": 1,
      "curso_academico": 2009
    }
  },
  {
    "pk": 4,
    "model": "asesorias.asignaturacursoacademico",
    "fields": {
      "id_centro": 1,
      "id_titulacion": 1,
      "id_asignatura": 2,
      "curso_academico": 2004
    }
  },
  {
    "pk": 1,
    "model": "asesorias.departamento",
    "fields": {
      "nombre_departamento": "analisis numerico",
      "telefono": 957000000
    }
  },
  {
    "pk": 2,
    "model": "asesorias.departamento",
    "fields": {
      "nombre_departamento": "biologia molecular",
      "telefono": 957999999
    }
  },
  {
    "pk": "30303030L",
    "model": "asesorias.asesor",
    "fields": {
      "correo_electronico": "asesor@soy.com",
      "nombre": "edsger",
      "telefono": 999000111,
      "apellidos": "dijkstra"
    }
  },
  {
    "pk": "12345678T",
    "model": "asesorias.asesor",
    "fields": {
      "correo_electronico": "otro@asesor.com",
      "nombre": "andrew s.",
      "telefono": 123123123,
      "apellidos": "tanenbaum"
    }
  },
  {
    "pk": "11111111A",
    "model": "asesorias.asesor",
    "fields": {
      "correo_electronico": "pues@asesor.soy",
      "nombre": "ramon",
      "telefono": 10101010,
      "apellidos": "y cajal"
    }
  },
  {
    "pk": 1,
    "model": "asesorias.asesorcursoacademico",
    "fields": {
      "observaciones": "hola",
      "curso_academico": 2010,
      "dni_pasaporte": "30303030L",
      "id_departamento": 1
    }
  },
  {
    "pk": 2,
    "model": "asesorias.asesorcursoacademico",
    "fields": {
      "observaciones": "Si",
      "curso_academico": 2008,
      "dni_pasaporte": "12345678T",
      "id_departamento": 1
    }
  },
  {
    "pk": 3,
    "model": "asesorias.asesorcursoacademico",
    "fields": {
      "observaciones": "vale",
      "curso_academico": 2004,
      "dni_pasaporte": "11111111A",
      "id_departamento": 2
    }
  },
  {
    "pk": "88888888Z",
    "model": "asesorias.alumno",
    "fields": {
      "fecha_nacimiento": "2010-10-02",
      "modalidad_acceso_universidad": "directo",
      "direccion_cordoba": "calle mi casa",
      "localidad_familiar": "cordoba",
      "codigo_postal": "14000",
      "calificacion_acceso": 8.0,
      "provincia_familiar": "cordoba",
      "apellidos": "perez",
      "otros_estudios_universitarios": "no",
      "correo_electronico": "alumno@alumno.com",
      "nombre": "juan",
      "ingreso": 2000,
      "telefono_familiar": 957100101
    }
  },
  {
    "pk": "12312312O",
    "model": "asesorias.alumno",
    "fields": {
      "fecha_nacimiento": "1980-01-03",
      "modalidad_acceso_universidad": "otro",
      "direccion_cordoba": "el arcangel",
      "localidad_familiar": "fuentealbilla",
      "codigo_postal": "10000",
      "calificacion_acceso": 10.0,
      "provincia_familiar": "albacete",
      "apellidos": "iniesta",
      "otros_estudios_universitarios": "no tiene",
      "correo_electronico": "correo@electroni.co",
      "nombre": "andres",
      "ingreso": 20010,
      "telefono_familiar": 900101010
    }
  },
  {
    "pk": 5,
    "model": "asesorias.alumnocursoacademico",
    "fields": {
      "observaciones": "asd",
      "curso_academico": 2008,
      "dni_pasaporte": "12312312O"
    }
  },
  {
    "pk": 1,
    "model": "asesorias.alumnocursoacademico",
    "fields": {
      "observaciones": "hola",
      "curso_academico": 2010,
      "dni_pasaporte": "88888888Z"
    }
  },
  {
    "pk": 2,
    "model": "asesorias.alumnocursoacademico",
    "fields": {
      "observaciones": "si",
      "curso_academico": 2001,
      "dni_pasaporte": "12312312O"
    }
  },
  {
    "pk": 3,
    "model": "asesorias.alumnocursoacademico",
    "fields": {
      "observaciones": "venga",
      "curso_academico": 2000,
      "dni_pasaporte": "88888888Z"
    }
  },
  {
    "pk": 1,
    "model": "asesorias.centroadministradorcentro",
    "fields": {
      "id_adm_centro": 1,
      "id_centro": 1
    }
  },
  {
    "pk": 2,
    "model": "asesorias.centroadministradorcentro",
    "fields": {
      "id_adm_centro": 2,
      "id_centro": 2
    }
  },
  {
    "pk": 1,
    "model": "asesorias.matricula",
    "fields": {
      "id_asignatura": 1,
      "id_titulacion": 1,
      "dni_pasaporte": "88888888Z",
      "id_centro": 2,
      "comentario": "matriculado",
      "curso_academico": 2010
    }
  },
  {
    "pk": 1,
    "model": "asesorias.calificacionconvocatoria",
    "fields": {
      "id_asignatura": 1,
      "id_titulacion": 1,
      "convocatoria": "febrero",
      "nota": 7.0,
      "dni_pasaporte": "88888888Z",
      "id_centro": 2,
      "comentario": "notable",
      "curso_academico": 2010
    }
  },
  {
    "pk": 2,
    "model": "asesorias.calificacionconvocatoria",
    "fields": {
      "id_asignatura": 1,
      "id_titulacion": 1,
      "convocatoria": "diciembre",
      "nota": 4.0,
      "dni_pasaporte": "88888888Z",
      "id_centro": 2,
      "comentario": "suspenso",
      "curso_academico": 2010
    }
  },
  {
    "pk": 1,
    "model": "asesorias.plantillaentrevistaoficial",
    "fields": {
      "descripcion": "entrevista oficial 1",
      "ultima_modificacion": "2010-08-26"
    }
  },
  {
    "pk": 2,
    "model": "asesorias.plantillaentrevistaoficial",
    "fields": {
      "descripcion": "entrevista oficial 2",
      "ultima_modificacion": "2010-08-26"
    }
  },
  {
    "pk": 1,
    "model": "asesorias.preguntaoficial",
    "fields": {
      "ultima_modificacion": "2010-08-26",
      "id_pregunta_oficial": 1,
      "id_entrevista_oficial": 1,
      "enunciado": "esto es una pregunta"
    }
  },
  {
    "pk": 2,
    "model": "asesorias.preguntaoficial",
    "fields": {
      "ultima_modificacion": "2010-08-26",
      "id_pregunta_oficial": 2,
      "id_entrevista_oficial": 1,
      "enunciado": "esto es otra pregunta?"
    }
  },
  {
    "pk": 3,
    "model": "asesorias.preguntaoficial",
    "fields": {
      "ultima_modificacion": "2010-08-26",
      "id_pregunta_oficial": 1,
      "id_entrevista_oficial": 2,
      "enunciado": "esto es una pregunta2"
    }
  },
  {
    "pk": 4,
    "model": "asesorias.preguntaoficial",
    "fields": {
      "ultima_modificacion": "2010-08-26",
      "id_pregunta_oficial": 2,
      "id_entrevista_oficial": 2,
      "enunciado": "\u00bfesto es una pregunta2?"
    }
  },
  {
    "pk": 1,
    "model": "asesorias.plantillaentrevistaasesor",
    "fields": {
      "descripcion": "entrevista asesor 1",
      "id_entrevista_asesor": 1,
      "curso_academico": 2010,
      "dni_pasaporte": "30303030L",
      "ultima_modificacion": "2010-09-01"
    }
  },
  {
    "pk": 2,
    "model": "asesorias.plantillaentrevistaasesor",
    "fields": {
      "descripcion": "entrevista asesor 2",
      "id_entrevista_asesor": 2,
      "curso_academico": 2010,
      "dni_pasaporte": "30303030L",
      "ultima_modificacion": "2010-09-01"
    }
  },
  {
    "pk": 3,
    "model": "asesorias.plantillaentrevistaasesor",
    "fields": {
      "descripcion": "otra entrevista asesor 1",
      "id_entrevista_asesor": 1,
      "curso_academico": 2008,
      "dni_pasaporte": "12345678T",
      "ultima_modificacion": "2010-09-01"
    }
  },
  {
    "pk": 4,
    "model": "asesorias.plantillaentrevistaasesor",
    "fields": {
      "descripcion": "otra entrevista asesor 2",
      "id_entrevista_asesor": 2,
      "curso_academico": 2008,
      "dni_pasaporte": "12345678T",
      "ultima_modificacion": "2010-09-01"
    }
  },
  {
    "pk": 5,
    "model": "asesorias.plantillaentrevistaasesor",
    "fields": {
      "descripcion": "una entrevista de asesor mas 1",
      "id_entrevista_asesor": 1,
      "curso_academico": 2004,
      "dni_pasaporte": "11111111A",
      "ultima_modificacion": "2010-09-01"
    }
  },
  {
    "pk": 6,
    "model": "asesorias.plantillaentrevistaasesor",
    "fields": {
      "descripcion": "una entrevista de asesor mas 2",
      "id_entrevista_asesor": 2,
      "curso_academico": 2004,
      "dni_pasaporte": "11111111A",
      "ultima_modificacion": "2010-09-01"
    }
  },
  {
    "pk": 1,
    "model": "asesorias.preguntaasesor",
    "fields": {
      "id_entrevista_asesor": 1,
      "id_pregunta_asesor": 1,
      "dni_pasaporte": "30303030L",
      "enunciado": "pregunta 1",
      "ultima_modificacion": "2010-09-01",
      "curso_academico": 2010
    }
  },
  {
    "pk": 2,
    "model": "asesorias.preguntaasesor",
    "fields": {
      "id_entrevista_asesor": 1,
      "id_pregunta_asesor": 2,
      "dni_pasaporte": "30303030L",
      "enunciado": "pregunta 2",
      "ultima_modificacion": "2010-09-01",
      "curso_academico": 2010
    }
  },
  {
    "pk": 3,
    "model": "asesorias.preguntaasesor",
    "fields": {
      "id_entrevista_asesor": 1,
      "id_pregunta_asesor": 3,
      "dni_pasaporte": "30303030L",
      "enunciado": "pregunta 3",
      "ultima_modificacion": "2010-09-01",
      "curso_academico": 2010
    }
  },
  {
    "pk": 4,
    "model": "asesorias.preguntaasesor",
    "fields": {
      "id_entrevista_asesor": 2,
      "id_pregunta_asesor": 1,
      "dni_pasaporte": "30303030L",
      "enunciado": "otra pregunta 1",
      "ultima_modificacion": "2010-09-01",
       "curso_academico": 2010
    }
  },
  {
    "pk": 5,
    "model": "asesorias.preguntaasesor",
    "fields": {
      "id_entrevista_asesor": 2,
      "id_pregunta_asesor": 2,
      "dni_pasaporte": "30303030L",
      "enunciado": "otra pregunta 2",
      "ultima_modificacion": "2010-09-01",
      "curso_academico": 2010
    }
  },
  {
    "pk": 6,
    "model": "asesorias.preguntaasesor",
    "fields": {
      "id_entrevista_asesor": 2,
      "id_pregunta_asesor": 3,
      "dni_pasaporte": "30303030L",
      "enunciado": "otra pregunta 3",
      "ultima_modificacion": "2010-09-01",
      "curso_academico": 2010
    }
  },
  {
    "pk": 7,
    "model": "asesorias.preguntaasesor",
    "fields": {
      "id_entrevista_asesor": 1,
      "id_pregunta_asesor": 1,
      "dni_pasaporte": "12345678T",
      "enunciado": "esto es una pregunta",
      "ultima_modificacion": "2010-09-01",
      "curso_academico": 2008
    }
  },
  {
    "pk": 8,
    "model": "asesorias.preguntaasesor",
    "fields": {
      "id_entrevista_asesor": 1,
      "id_pregunta_asesor": 2,
      "dni_pasaporte": "12345678T",
      "enunciado": "esto es otra pregunta",
      "ultima_modificacion": "2010-09-01",
      "curso_academico": 2008
    }
  },
  {
    "pk": 9,
    "model": "asesorias.preguntaasesor",
    "fields": {
      "id_entrevista_asesor": 2,
      "id_pregunta_asesor": 1,
      "dni_pasaporte": "12345678T",
      "enunciado": "p1",
      "ultima_modificacion": "2010-09-01",
      "curso_academico": 2008
    }
  },
  {
    "pk": 10,
    "model": "asesorias.preguntaasesor",
    "fields": {
      "id_entrevista_asesor": 2,
      "id_pregunta_asesor": 2,
      "dni_pasaporte": "12345678T",
      "enunciado": "p2",
      "ultima_modificacion": "2010-09-01",
      "curso_academico": 2008
    }
  },
  {
    "pk": 11,
    "model": "asesorias.preguntaasesor",
    "fields": {
      "id_entrevista_asesor": 1,
      "id_pregunta_asesor": 1,
      "dni_pasaporte": "11111111A",
      "enunciado": "pre1",
      "ultima_modificacion": "2010-09-01",
      "curso_academico": 2004
    }
  },
  {
    "pk": 12,
    "model": "asesorias.preguntaasesor",
    "fields": {
      "id_entrevista_asesor": 1,
      "id_pregunta_asesor": 2,
      "dni_pasaporte": "11111111A",
      "enunciado": "pre2",
      "ultima_modificacion": "2010-09-01",
      "curso_academico": 2004
    }
  },
  {
    "pk": 13,
    "model": "asesorias.preguntaasesor",
    "fields": {
      "id_entrevista_asesor": 2,
      "id_pregunta_asesor": 1,
      "dni_pasaporte": "11111111A",
      "enunciado": "pregunta1",
      "ultima_modificacion": "2010-09-01",
      "curso_academico": 2004
    }
  },
  {
    "pk": 14,
    "model": "asesorias.preguntaasesor",
    "fields": {
      "id_entrevista_asesor": 2,
      "id_pregunta_asesor": 2,
      "dni_pasaporte": "11111111A",
      "enunciado": "pregunta2",
      "ultima_modificacion": "2010-09-01",
      "curso_academico": 2004
    }
  }
]
